Id,Reaction,External ids,template,GN_ESCH,GN_ESCH,GN_ESCH,GN_ESCH,GN_ESCH,LN_NEWUOA,LN_NEWUOA,LN_NEWUOA,LN_NEWUOA,LN_NEWUOA,Type,Value,Stdev, lb,ub,Atom_mapping,Reversible
RSS,,,21348.198729817363,13915.508765456008,14995.578137647772,16138.493436973858,17196.024405947635,18001.924895133452,13811.083546438462,14989.229201467964,15956.116577339819,17172.619875771274,17686.606718790536
Thres,,,19.67513757268249,19.67513757268249,19.67513757268249,19.67513757268249,19.67513757268249,19.67513757268249,19.67513757268249,19.67513757268249,19.67513757268249,19.67513757268249,19.67513757268249
p_value,,,0.0,0.0,0.0,0.0,0.0,0.0,0.0,0.0,0.0,0.0,0.0
Id,Reaction,External ids,template,GN_ESCH,GN_ESCH,GN_ESCH,GN_ESCH,GN_ESCH,LN_NEWUOA,LN_NEWUOA,LN_NEWUOA,LN_NEWUOA,LN_NEWUOA,Type,Value,Stdev, lb,ub,Atom_mapping,Reversible
r1_hk,Glc+ATP-->G6P,(kegg:R02848),199.10201803941746,199.9649913229082,195.16941028159397,199.89445002175788,199.99525184943846,199.87386873803678,199.9999990271532,195.17154409550432,199.91350918907816,199.99854830985097,199.99951051890804,free,1.0,1.0,0.0,200.0,ABCDEF-->ABCDEF,no
r2_pgi,G6P-->F6P,(kegg:R00771f),74.59476164067729,189.17011629066872,137.55366547909813,157.59263964414464,167.96101081414196,173.3017227198983,189.19463534799348,137.5841298671403,157.8349341237265,167.96734435380836,174.39212532903878,free,1.0,1.0,0.0,200.0,ABCDEF-->ABCDEF,no
r3_pgi,F6P-->G6P,(kegg:R00771r),115.94232964159492,198.69801789953664,199.93845103105824,198.94020764506223,199.3876275473289,199.8974963150674,198.70746638447378,199.93827156069784,198.93485977953006,199.36480509410595,199.9237272367371,free,1.0,1.0,0.0,200.0,ABCDEF-->ABCDEF,no
r4_pfk,F6P+ATP-->FBP,(kegg:R00756),48.82614792836891,12.983239716896737,1.3185447688603773,3.7669289094010097,6.218000563644537,5.156964865065184,12.958015563631548,1.3428875436241938,3.7255824849571653,6.228462392965454,5.481746199420449,fitting,1.0,1.0,0.0,200.0,ABCDEF-->ABCDEF,no
r5_fba,FBP-->DHAP+GAP,(kegg:R01068f),48.41174650437446,190.12796436763404,165.137281900927,166.43460553819574,169.07043967283454,169.4498596320734,190.0817972545981,165.15935063813725,166.43558971360665,169.07496820564938,169.88463495499875,free,1.0,1.0,0.0,200.0,ABCDEF-->CBA+DEF,no
r6_fba,DHAP+GAP-->FBP,(kegg:R01068r),70.80530415995058,198.9142369067793,198.7226812254592,188.8281631937718,197.74357068779557,198.29876983512432,198.89368180655552,198.72050290950634,188.81766232091087,197.73496974793883,198.28627229065327,free,1.0,1.0,0.0,200.0,CBA+DEF-->ABCDEF,no
r7_tpi,DHAP-->GAP,(kegg:R01015f),2.027844958669462,1.4979166663008892,185.09883589970946,182.77852965733933,0.036169731672636374,0.05565641020501211,1.4046529533882326,185.09688697436206,182.8478312612182,0.006533089865394359,0.10256987926214123,free,1.0,1.0,0.0,200.0,ABC-->ABC,no
r8_tpi,GAP-->DHAP,(kegg:R01015r),18.256759248421545,0.0006418875792462867,199.91845580674294,199.00744394709142,12.764210728131614,10.537583578137996,0.0002304980255618451,199.918816783537,199.01831122650577,12.767342403830536,10.51981273755145,free,1.0,1.0,0.0,200.0,ABC-->ABC,no
r9_gapdh,GAP-->m3PG+NADH+ATP,(kegg:R01061f),2.713776772886419,145.4845040589815,0.10759683442584134,0.02380963961151039,158.59711560275883,18.03841372285771,145.32796325573457,0.12807554247447683,0.0027515944868738984,158.56709798577003,18.197173706152313,free,1.0,1.0,0.0,200.0,ABC-->ABC,no
r10_gapdh,m3PG+NADH+ATP-->GAP,(kegg:R01061r),31.859243545543816,152.40268728454382,34.11292295227761,29.169276412268864,198.62154475506586,58.4958193977825,152.38495211006787,34.114662911924256,29.196377642828953,198.61917924302054,58.45107161407425,free,1.0,1.0,0.0,200.0,ABC-->ABC,no
r11_peph,m3PG-->PEP,(kegg:R01512f),74.27982647920929,18.51229463498832,2.266533143939398,2.2723845273737098,144.7818795537197,27.075390327083568,18.493648160823827,2.257617005628717,2.374611191857362,144.75937041317067,26.714296917366006,free,1.0,1.0,0.0,200.0,ABC-->ABC,no
r12_peph,PEP-->m3PG,(kegg:R01512r),117.03050776140712,29.064717605536156,42.418748253900624,45.0230658095715,198.7854674604519,70.16914067022218,29.07574778419057,42.42041710643625,45.018381729260746,198.7680455754781,70.16415774651243,free,1.0,1.0,0.0,200.0,ABC-->ABC,no
r13_pk,PEP-->Pyr+ATP,(kegg:R00200),19.056662855349643,77.92298831141439,67.66404140840284,70.62405021875493,59.95094236483606,72.66654300810139,77.77444207294629,67.66954264697813,70.95542167279622,59.90611198847296,72.43081461850008,free,1.0,1.0,0.0,200.0,ABC-->ABC,no
r16_pyrdh,Pyr-->AcCOAmit+CO2in+NADH,(kegg:R01196),40.83130615437046,22.550496021182827,22.99976295192863,33.4992138596095,34.809348324397526,53.108846882489864,22.52079386927497,22.98779808696338,33.17709014071693,34.78412552280407,52.60215595888917,free,1.0,1.0,0.0,200.0,ABC-->BC+A,no
r17_cs,AcCOAmit+Oxa-->Cit,(kegg:R00351),91.25859545518514,43.100187812302494,80.43280843731534,96.96216632983338,56.174398670391625,64.35935482518055,42.987342728482865,80.41854598894868,96.49314599217325,56.15613798998887,63.70090385661696,free,1.0,1.0,0.0,200.0,AB+CDEF-->FEDBAC,no
r18_idh,Cit-->aKG+CO2in+NADH,(kegg:R00709f),183.93419042757023,37.08768379230161,198.43378299261911,199.31688337748025,199.0299981759871,197.48372701052398,36.88527659946527,198.42459750896688,199.07183934716966,198.95327688346032,197.281768719053,free,1.0,1.0,0.0,200.0,ABCDEF-->ABCDE+F,no
r19_idh,aKG+CO2in+NADH-->Cit,(kegg:R00709r),144.84087179904338,0.06744362057727281,169.0910691766885,160.68588970618413,157.75191932533718,161.10129657717098,0.09128440887133563,169.0906400312536,160.68923938944957,157.7362540635779,161.0732363557307,free,1.0,1.0,0.0,200.0,ABCDE+F-->ABCDEF,no
r20_akgdh,aKG-->Suc+CO2in+ATP+NADH,(kegg:R01197),34.031542520220974,33.192010091196735,21.562478250129356,33.56921756299026,36.895302413222716,30.79810048512432,33.00492127355344,21.55734284913972,33.3527414274272,36.85287283692413,30.748543324139312,free,1.0,1.0,0.0,200.0,ABCDE-->BCDE+A,no
r21_sdh,Suc-->Fum+{0.6}NADH,(kegg:R02164f),90.05340806624022,198.9503792914819,199.74264702464544,199.15339004980044,199.42313899549464,199.75075050301527,198.74879061611844,199.73765347006727,198.9492418911776,199.3812624998411,199.68678562194614,free,1.0,1.0,0.0,200.0,ABCD-->ABCD,no
r22_sdh,Fum+{0.6}NADH-->Suc,(kegg:R02164r),56.02186554601929,165.75836920028522,178.18016877451606,165.58417248681016,162.5278365822719,168.95265001789093,165.74386934256503,178.18031062092754,165.59650046375037,162.528389662917,168.93824229780682,free,1.0,1.0,0.0,200.0,ABCD-->ABCD,no
r23_fh,Fum-->Mal,(kegg:R01082f),180.9638976612855,198.93548056794816,199.61010522259548,199.55167455690685,199.5189800817455,199.18592082870282,198.74793282190151,199.60889699836653,199.3281600894802,199.4751847913302,199.1943371966098,free,1.0,1.0,0.0,200.0,ABCD-->ABCD,no
r24_fh,Mal-->Fum,(kegg:R01082r),146.93235514106456,165.74347047675147,178.0476269724661,165.98245699391657,162.6236776685228,168.38782034357848,165.7430115483481,178.0515541492268,165.975418662053,162.6223119544061,168.4457938724705,free,1.0,1.0,0.0,200.0,ABCD-->ABCD,no
r25_mdh,Mal-->Oxa+NADH,(kegg:R00343f),96.40821347002019,97.98940262906859,178.49208742380904,162.8145225920821,167.9110272784462,174.2077481643552,97.83483052860176,178.49024116798074,162.83139461960045,167.91080598272077,174.2068642809299,free,1.0,1.0,0.0,200.0,ABCD-->ABCD,no
r26_mdh,Oxa+NADH-->Mal,(kegg:R00343r),133.1434481355139,199.14068846977997,199.52075957965974,199.54975725757583,199.155976043674,199.69011624348724,199.13133512078483,199.51918920487938,199.55739355903196,199.15692824306205,199.6721848851819,free,1.0,1.0,0.0,200.0,ABCD-->ABCD,no
r27_pc,Pyr+CO2in+ATP-->Oxa,(kegg:R00344),146.33223541880668,155.73916781472823,148.4580230590855,199.9761593377428,187.47662712508492,199.94581381299886,155.6210813111569,148.44782086665452,199.5276370434429,187.42746997934196,199.0172548364959,free,1.0,1.0,0.0,200.0,ABC+D-->ABCD,no
r28_mae,Mal-->Pyr+CO2in+NADPH,(kegg:R00216),69.57287816225244,62.71763677491,31.746782315309908,76.23030558477942,68.91416917468415,76.38700713060057,62.93241770329223,31.75080973830737,76.18232788808868,68.93037595738696,76.81861626619778,free,1.0,1.0,0.0,200.0,ABCD-->ABC+D,no
r29_g6pdh,G6P-->m6PG+NADPH,(kegg:R00835),26.06229347930425,0.2255763188671316,42.507839132667954,26.062293479304255,5.150673064881003,1.2673950544799348,0.2166408124583462,42.50074367846918,25.803349618174813,5.1472930571011455,0.4082502614379462,free,1.0,1.0,0.0,50.0,ABCDEF-->ABCDEF,no
r30_pgd,m6PG-->Ru5P+CO2in+NADPH,(kegg:R01528),26.062293479304255,0.22557631886713247,42.507839132667954,26.06229347930426,5.150673064881001,1.267395054479933,0.21664081245834715,42.50074367846918,25.803349618174817,5.147293057101145,0.4082502614379444,free,1.0,1.0,0.0,50.0,ABCDEF-->BCDEF+A,no
r31_ri,Ru5P-->R5P,(kegg:R01056f),39.496067663518,49.02044893976262,49.29129791795873,49.732750963034,49.81112093972812,49.51688049076376,49.067069809423025,49.28735143205555,49.71823869694051,49.8366494257451,49.305857878622746,free,1.0,1.0,0.0,50.0,ABCDE-->ABCDE,no
r32_ri,R5P-->Ru5P,(kegg:R01056r),32.38778452955531,49.53650169061817,35.5828450127187,42.624467829071314,47.413933593073075,45.99634882840207,49.551375481487604,35.57959717577486,42.6327421272651,47.426815566652124,46.02757218922861,free,1.0,1.0,0.0,50.0,ABCDE-->ABCDE,no
r33_rbe,Ru5P-->Xu5P,(kegg:R01529f),29.148238042133723,49.71252813451259,49.65732429078332,49.848967920281474,49.354744471823366,46.952032827591935,49.67301664440562,49.65219600028549,49.587914120081464,49.34073258679162,46.33688903651942,free,1.0,1.0,0.0,50.0,ABCDE-->ABCDE,no
r34_rbe,Xu5P-->Ru5P,(kegg:R01529r),10.194227696792158,48.970899064789904,20.857938063355398,30.894957574939912,46.60125875359743,49.205169435473714,48.97207015988268,20.859206578097016,30.870061071582064,46.60327338878346,49.206924464475634,free,1.0,1.0,0.0,50.0,ABCDE-->ABCDE,no
r35_tkt,R5P+Xu5P-->S7P+GAP,(kegg:R01641f),20.307425496538272,49.01362175750157,49.97593921018164,49.846671730920434,49.756201913927605,48.11141586588397,48.989211213985094,49.97059939539224,49.73322030345952,49.75366896939748,47.83360954717245,free,1.0,1.0,0.0,50.0,ABCDE+FGHIJ-->FGABCDE+HIJ,no
r36_tkt,GAP+S7P-->Xu5P+R5P,(kegg:R01641r),10.830420323867482,48.642807222640215,35.57624609646768,40.36966655824965,48.37945905481463,49.237984169824855,48.63873797172362,35.574104684298,40.374293779209815,48.3849393703934,49.268627261150556,free,1.0,1.0,0.0,50.0,HIJ+FGABCDE-->FGHIJ+ABCDE,no
r37_tal,GAP+S7P-->F6P+E4P,(kegg:R08575f),11.017257023317656,49.909400167121944,49.979249967604645,49.89798040160124,49.673111120330226,48.80723073198494,49.86799093551843,49.978209137114845,49.78831091918579,49.66963382411474,48.5259800892355,free,1.0,1.0,0.0,50.0,ABC+DEFGHIJ-->DEFABC+GHIJ,no
r38_tal,E4P+F6P-->S7P+GAP,(kegg:R08575r),1.5402518506468772,49.538585632260606,35.579556853890686,40.42097522893046,48.29636826121725,49.93379903592583,49.51751769325696,35.58171442602061,40.42938439493609,48.30090422511066,49.96099780321361,free,1.0,1.0,0.0,50.0,GHIJ+DEFABC-->DEFGHIJ+ABC,no
r39_tkt,E4P+Xu5P-->F6P+GAP,(kegg:R01067f),17.075459091152887,49.295657292649665,49.92661162509094,49.94363834467223,49.86210815024471,48.83618665535699,49.26896398220771,49.928032031597056,49.84849308651218,49.862874214561096,48.56060565501945,free,1.0,1.0,0.0,50.0,ABCD+EFGHI-->EFABCD+GHI,no
r40_tkt,GAP+F6P-->Xu5P+E4P,(kegg:R01067r),7.5984539184821065,48.924842757788326,35.52691851137698,40.46663317200145,48.485365291131735,49.96275495929788,48.91849073994624,35.53153732050282,40.48956656226248,48.49414461555702,49.995623368997556,free,1.0,1.0,0.0,50.0,GHI+EFABCD-->EFGHI+ABCD,no
r41_ldh,Pyr+NADH-->Lac,(kegg:R00703f),170.36717901868684,195.73434368808282,198.59920663834984,197.724468522236,199.09237626082734,198.1558721342452,195.86922091920002,198.63468492740776,198.70257495936647,199.11188023130688,199.41707921079154,free,1.0,1.0,0.0,200.0,ABC-->ABC,no
r42_Lac_ex,Lac-->LacEx,(kegg:Lac_ex),0.13563326900387665,0.02880637927394506,0.0032606583168836747,0.05369624377650416,0.06242026778863074,0.25576491479460994,2.329814924038792e-08,3.296670397653626e-08,8.045930579717417e-08,4.904966654965622e-08,4.8371180340376916e-09,fitting,1.0,1.0,0.0,5.0,nd,no
r46_SubsGln,SubsGln-->Gln,(kegg:SubsGln),4.250057401226332,0.07065714434648962,0.0029859876362055005,7.955246868984744e-05,0.0024127408495367222,0.04839772535884945,0.07486654879713939,1.8871595841574162e-08,4.1817134075472495e-06,1.7851889837910973e-08,0.09189174867608574,free,1.0,1.0,0.0,100.0,ABCDE-->ABCDE,no
r47_gls,Gln-->Glu,(kegg:R00256),46.472994222895764,29.89168088018814,0.34538458629178503,0.09873613560899841,97.08700142905664,8.486342147233918,29.88500261531543,0.3538929888083233,0.18451809286817777,97.11299831237818,8.482521300580402,free,1.0,1.0,0.0,100.0,ABCDE-->ABCDE,no
r49_gludh,Glu-->aKG+NADPH,(kegg:R00243f),50.83139064478192,0.06905855994645727,59.23233131794052,0.17676146029385453,95.27344703029702,0.059870774828355344,0.09209193147993489,59.23549087314055,0.2312402259419093,95.31276297668329,0.21450638151802348,free,1.0,1.0,0.0,100.0,ABCDE-->ABCDE,no
r50_gludh,aKG+NADPH-->Glu,(kegg:R00243r),55.893166753087804,3.8972886404740614,67.01256688374177,5.238537568599742,99.6562234677242,5.64420072305703,3.8811628485204253,67.01210550171412,5.261098756234815,99.6769129596416,5.674495420701017,free,1.0,1.0,0.0,100.0,ABCDE-->ABCDE,no
r51_glul,Glu-->Gln,(kegg:R00253)),46.936630146886465,33.691610012525786,5.550965781956299,4.804303439546841,97.12213891284556,10.125404023657419,33.67402556924587,5.556847236218296,4.809727158568668,97.1307515158063,10.080934837382422,free,1.0,1.0,0.0,100.0,ABCDE-->ABCDE,no
r54_asp,Oxacyt-->Asp,(kegg:R00355),9.890237010700861,0.7178896773284436,1.1147486596102922,5.309346143704786,0.22515124140528187,2.2141833829296167,0.5430509945111908,1.0880537519879354,4.716258414861731,0.21815688821624413,0.8579740834686858,free,1.0,1.0,0.0,10.0,ABCD-->ABCD,no
r55_Asp_ex,Asp-->AspEx,(kegg:Asp_ex),7.969806891083895,0.3568593106118527,0.20641463575594088,4.094923534928618,0.004098850956840039,1.9829483532211536,0.29271379315228785,0.18440219283520065,3.531591612012793,9.851958200357558e-07,0.6398177073652525,fitting,0.79,1.0,0.0,10.0,nd,no
r58_gpt_m,Pyr-->Ala,(kegg:R00258),4.0086357951751665,0.03456285620221422,0.018047334551340555,0.3568228243716334,0.002134596563251989,0.058041807067894524,3.901904221947916e-07,1.4094897267113993e-06,0.16039513385754844,3.332054276938834e-07,2.09913233462089e-08,free,1.0,1.0,0.0,10.0,ABC-->ABC,no
r59_Ala_ex,Ala-->AlaEx,(kegg:Ala_ex),8.929728826173815,0.9383780050724511,1.0491013141289471,0.07768471128392207,0.9696774943285327,0.9513114950633046,0.9175692369084913,1.0377942129746884,6.326833528191855e-07,0.998266838022321,0.9087783164800287,fitting,1.0,1.0,0.0,10.0,nd,no
r82_acl,Cit-->AcCOAcyt+Oxacyt,(kegg:R00352),52.165276826658356,6.0799476405781725,51.09009462138474,58.33117265853725,14.896319819741752,27.976924391827563,6.193350537888957,51.08458851123538,58.110546034453165,14.939115170106462,27.492371493294684,free,1.0,1.0,0.0,100.0,FEDBAC-->AB+CDEF,no
r84_G6P_BIO,G6P-->G6PBiomass,(kegg:BiomassG6P),2.7589732354087886,5.376644821587995,29.427706445147482,3.5514052177491493,22.995252089915326,6.118430415752172,5.378585978748889,29.40581382649523,3.540374545946932,22.99307692665959,5.967024877875069,free,1.0,1.0,0.0,100.0,nd,no
r85_R5P_BIO,R5P-->R5PBiomass,(kegg:BiomassR5P),2.4510472924176154,2.0017767414363035,2.001032272744256,2.0097423164353545,2.0079166419400014,4.647849943250558,2.00000619719084,2.001149902831491,2.0000001508508527,2.000000573882,4.713461970808165,free,1.0,1.0,2.0,10.0,nd,no
r86_DHAP_BIO,DHAP-->DHAPBiomass,(kegg:BiomassDHAP),0.8514820509147398,0.007214715091702573,0.07115300589377327,0.09495182355450993,0.009675184384352775,0.07209338268848242,3.402325328583089e-06,0.10164206995607472,0.005024389005676255,0.02850135647692653,0.32865917463905703,free,2.5,1.0,0.0,5.0,nd,no
r87_Ser_BIO,Ser-->SerBiomass,(kegg:BiomassSer),0.273207051,0.273207051,0.273207051,0.273207051,0.273207051,0.273207051,0.273207051,0.273207051,0.273207051,0.273207051,0.273207051,fixed,0.273207051,1.0,0.0,10.0,nd,no
r89_Ala_BIO,Ala-->AlaBiomass,(kegg:BiomassAla),0.273207051,0.273207051,0.273207051,0.273207051,0.273207051,0.273207051,0.273207051,0.273207051,0.273207051,0.273207051,0.273207051,fixed,0.273207051,1.0,0.0,10.0,nd,no
r90_Asp_BIO,Asp-->AspBiomass,(kegg:BiomassAsp),0.21815583,0.21815583,0.21815583,0.21815583,0.21815583,0.21815583,0.21815583,0.21815583,0.21815583,0.21815583,0.21815583,fixed,0.21815583,1.0,0.0,10.0,nd,no
r92_Glu_BIO,Glu-->GluBiomass,(kegg:BiomassGlu),4.598140184315184,0.028300948189959495,2.5746543701367353,0.3562088043680453,4.347638953638264,3.945268071805174,4.796311004840616e-05,2.5736603811635996,0.40464946459241496,4.346396779530194,3.861575502380974,fitting,1.0,1.0,0.0,10.0,nd,no
r93_Gln_BIO,Gln-->GlnBiomass,(kegg:BiomassGln),4.713693325217036,3.870586276684134,5.20856718330072,4.705646856406532,0.037550224638459175,1.6874596017823502,3.8638895027275812,5.202954266281568,4.625213247413898,0.017753221280001435,1.6903052854781058,fitting,1.0,1.0,0.0,10.0,nd,no
r100_CO2_in,CO2in-->CO2Ex,(kegg:CO2_ex),239.70162074475303,0.04511186143656687,0.021104652368627796,8.13048400634117,0.06375518215138243,0.07358093556244683,1.0446740361658158e-08,4.920057399715461e-06,7.394479803876891,2.8625913728319574e-07,2.0849881821050076e-09,free,0.0,1.0,0.0,1000.0,A-->A,no
r101_CO2_ex,SubsCO2-->CO2in,(kegg:SubsCO2),176.44251721888475,0.07832029828378875,0.3195512454876555,0.11461918610439091,0.49281047940103023,2.0756147625136485,0.15231547243075058,0.31717395611899896,0.024007815192086925,0.49578007150236,2.2311566645944554,free,0.0,1.0,0.0,1000.0,A-->A,no
r103_FA_ex,AcCOAcyt+{2}NADPH-->FAEx,(kegg:FA_ex),50.46300253704131,5.937073103861548,50.39991642753034,57.33490587976104,14.893423259293249,27.963845192119045,6.16116916653002,50.399092782082604,57.144035061604185,14.939115097085983,27.4923709471912,free,1.0,1.0,0.0,100.0,nd,no
r104_MAL_ex,Mal-->Malcyt,(kegg:MAL_cyt),56.364688072211806,99.38344990788116,10.882492932109956,93.85088978683459,55.04342144849084,78.81093192596072,99.11144190273929,10.871682505805213,93.68088988832618,54.98401972116004,78.32961358088126,free,1.0,1.0,0.0,100.0,ABCD-->ABCD,no
r105_MAL_ex,Malcyt-->Mal,(kegg:MAL_cyt),55.17078904874965,27.75779075088306,0.03812484143978352,99.77674314313006,55.81733944472449,98.91747049230494,27.742433740295024,0.03620135807420875,99.78447740955615,55.81540058128164,98.93436591868775,free,1.0,1.0,0.0,100.0,ABCD-->ABCD,no
r106_mdh_cyt,Malcyt-->Oxacyt+NADH,(kegg:OXA_cyt),22.45780396865369,99.86951438171864,65.00864233611678,91.2585153972827,60.839784362451645,77.08698169105244,99.60198081672918,65.00344201389402,91.07448505728352,60.78892625868392,76.56726204334876,free,1.0,1.0,0.0,100.0,ABCD-->ABCD,no
r107_mdh_cyt,Oxacyt+NADH-->Malcyt,(kegg:OXA_cyt),21.26390494519153,28.243855224720544,54.164274245446606,97.18436875357817,61.613702358685295,97.19352025739667,28.232972654284925,54.16796086616301,97.1780725785135,61.62030711880552,97.17201438115525,free,1.0,1.0,0.0,100.0,ABCD-->ABCD,no
r108_ATPx,ATP-->ATPex,(kegg:ATP),0.062104375866226746,12.281341283118195,0.6367428182435901,4.742072190342924,5.982130783590094,4.995235294048712,8.788500557314705,0.5988646352906812,5.8920929689065815e-05,5.224412828916229,1.182412600321868,fitting,1.0,1.0,0.0,2000.0,nd,no
r109_OXPHOS,NADH-->{2.3}ATP,(kegg:NADH),161.0346813737157,120.33561954808809,126.24414234221871,144.92687367398116,149.06530204174186,150.8541934312385,118.9761834639521,126.22644304974162,142.6314132984898,148.7704304099687,149.02411483496905,free,0.0,1.0,0.0,1000.0,nd,no
r110_NADPHx,NADPH-->NADPHex,(kegg:NADPH),15.709683938472436,47.46641312439358,8.182392159783872,8.623304675559973,45.04589234843245,17.40977690709365,47.254290078108426,8.17749690250694,8.47109847093703,44.982581894458974,17.190385855508257,fitting,1.0,1.0,0.0,300.0,nd,no
r111_SubsGlc,SubsGlc-->Glc,(kegg:SubsGlc),100.0,100.0,100.0,100.0,100.0,100.0,100.0,100.0,100.0,100.0,100.0,fixed,100.0,1.0,0.0,1000.0,ABCDEF-->ABCDEF,no
r112_g6pc,G6P-->Glc,(kegg:R00303),211.62831932562213,203.890671791321,185.61865025573874,211.62831932562213,203.27594342782913,219.08381686297383,203.9176032724263,185.6191282840975,211.66971068076003,203.2556390663879,219.15583728729337,free,1.0,1.0,0.0,1000.0,ABCDEF-->ABCDEF,no
r113_Glc_ex,Glc-->GlcEx,(kegg:Glc_Ex),112.52630128620466,103.92568046841284,90.44923997414479,111.73386930386428,103.2806915783907,119.20994812493709,103.91760424527313,90.44758418859323,111.7562014916819,103.25709075653694,119.15632676838536,free,2.5,1.0,5.0,200.0,ABCDEF-->ABCDEF,no
r114_phgdh,m3PG-->Ser+NADH,(kegg:R01513),13.605214509540424,3.6342397449855355,6.146888992109467,13.605214509540424,13.979158754425193,2.636344668213809,3.5251107690334402,6.176212731357758,13.450144489061294,13.956593905056941,3.1959629212244707,fitting,1.0,1.0,0.0,100.0,ABC-->ABC,no
r115_SubsR5P,SubsR5P-->R5P,(kegg:SubsR5P),4.819769331125715,2.8886440271532106,2.692272481218198,4.378464355143454,0.9874721543979323,0.0007499769479742716,2.8347851115169056,2.6898903576450404,4.273430105425145,0.9588963137931145,0.0001585674359207034,fitting,1.0,1.0,0.0,5.0,ABCDE-->ABCDE,no
r116_SubsSer,SubsSer-->Ser,(kegg:SubsSer),1.006444838038668,0.015945668816200964,0.04502391453652166,0.10689380494136458,16.89638713361512,17.25451447498952,3.9309862565062303e-07,5.138999981113557e-07,5.419885340529618e-07,16.904337159114647,16.29128898299573,free,1.0,1.0,0.0,20.0,ABC-->ABC,no
r117_SubsLac,SubsLac-->Lac,(kegg:SubsLac),73.667134482574,34.321586533055005,66.14554276935671,73.58519745734664,62.499089310938174,84.68824205549478,34.183111658947304,66.1122617673776,72.55043479795748,62.42105989902898,83.15593293652522,fitting,1.0,1.0,0.0,100.0,ABC-->ABC,no
r118_ldh,Lac-->Pyr+NADH,(kegg:R00703r),243.89868023225694,230.02712384186387,264.74148874938965,271.25596973580616,261.5290453039769,282.58834927494536,230.05233255484916,264.74694666181864,271.2530096768647,261.5329400812862,282.5730121424796,free,1.0,1.0,0.0,1000.0,ABC-->ABC,no
r119_SubsAcCOAmit,SubsAcCOAmit-->AcCOAmit,(kegg:SubsAcCOAmit),50.42728930081466,20.549691791119614,57.43304548538673,63.4629524702239,21.36505034599413,11.250507942690708,20.466548859207833,57.43074790198532,63.316055851456355,21.372012467184827,11.098747897727835,free,1.0,1.0,0.0,100.0,AB-->AB,no
r120_SubsGly,SubsGly-->DHAP+{0.6}NADH,(kegg:SubsGly),7.016125416738745,10.290762032958622,18.836932423392525,6.259595189378516,15.954765202886396,18.439076417806415,10.216310409645427,18.840864532150242,6.216617031022305,15.927693584801235,18.313053652004278,free,1.1,1.0,0.0,20.0,ABC-->ABC,no
r121_pck1,Oxacyt-->PEP,(kegg: R00431cyto),43.46893883941966,76.98771712024784,60.81971405244462,47.095973158537,13.89725058210282,5.656202442553717,77.01930770582203,60.83201590697845,47.29070009836147,13.889577421768623,6.029645072019517,free,1.0,1.0,0.0,200.0,ABCD-->ABC,no
r122_pck2,Oxa-->PEP,(kegg:R00431mito),18.338405298127842,11.48769416171438,46.99654246591944,66.27875834241573,100.05727968946549,110.10409090868627,11.337233990490992,47.00032684080721,66.30849211183813,100.02520972901182,109.85103037562699,free,1.0,1.0,0.0,200.0,ABCD-->ABC,no
r123_aat,AcCOAcyt+Asp-->AcAsp,(kegg:R00487),1.7022742896169687,0.1428745367165951,0.6901781938543508,0.996266778776166,0.0028965604484499767,0.013079199708462608,0.03218137135890567,0.685495729152736,0.9665109728489375,7.302042464251401e-08,5.46103432824593e-07,fitting,1.0,1.0,0.0,5.0,AB+CDEF-->ABCDEF,no
r124_AcAspEx,AcAsp-->AcAspEx,(kegg:AcAspEx),1.7022742896169687,0.1428745367165951,0.6901781938543508,0.996266778776166,0.0028965604484499767,0.013079199708462608,0.03218137135890567,0.685495729152736,0.9665109728489375,7.302042464251401e-08,5.46103432824593e-07,fitting,1.0,1.0,0.0,5.0,nd,no
r125_SubsAla,SubsAla-->Ala,(kegg:SubsAla,19.866982922599643,1.1908652890763478,1.3082826857445151,0.0015066790499422026,1.624740575100913,1.1754998699465729,1.190775945320614,1.3109999036384243,0.11281260941027677,1.6377975821575175,1.1819874932590173,free,1.0,1.0,0.0,50.0,ABC-->ABC,no
r126_alt,Ala-->Pyr,(kegg:R00258r),14.672682840600984,0.013843089206100015,0.004021655166920828,0.0074377411376584605,0.38399062633563535,0.009023130951164478,4.7602554723560984e-08,4.9153450990865714e-08,5.9584449790171043e-08,0.366324026340627,2.146770312288632e-06,free,1.0,1.0,0.0,50.0,ABC-->ABC,no
r127_sal,Ser-->Pyr,(kegg:R00220),14.338452296579097,3.3769783628017365,5.918705855645991,13.438901263481789,30.60233883704031,19.61765209220333,3.2519041111320655,5.903006194257753,13.176937980049832,30.58772401317159,19.214044853220198,free,1.0,1.0,0.0,50.0,ABC-->ABC,no
r128_fbp,FBP-->F6P,(kegg:R00762),71.219705583945,21.769512256041985,34.9039440933926,26.16048656497707,34.891131578605545,34.00587506811609,21.769900115588946,34.904039814993276,26.107655092261357,34.8884639352549,33.88338353507498,free,1.0,1.0,0.0,200.0,ABCDEF-->ABCDEF,no
PGI,r2_pgi<=>r3_pgi,(kegg:R00771),-41.34756800091766,-9.527901608867946,-62.384785551960185,-41.34756800091766,-31.426616733186997,-26.59577359516917,-9.512831036480346,-62.35414169355758,-41.09992565580362,-31.39746074029764,-25.531601907698345,free,1.0,1.0,-300.0,500.0,,
FBA,r5_fba<=>r6_fba,(kegg:R01068),-22.39355765557608,-8.78627253914527,-33.58539932453225,-22.39355765557609,-28.673131014961037,-28.848910203050934,-8.811884551957421,-33.561152271369096,-22.382072607304213,-28.660001542289464,-28.401637335654552,free,1.0,1.0,-300.0,500.0,,
TPI,r7_tpi<=>r8_tpi,(kegg:R01015),-16.2289142897521,1.4972747787216463,-14.819619907033527,-16.2289142897521,-12.728040996459013,-10.481927167933012,1.4044224553626745,-14.821929809174964,-16.170479965287612,-12.760809313965177,-10.417242858289336,free,1.0,1.0,-300.0,500.0,,
GAPDH,r9_gapdh<=>r10_gapdh,(kegg:R01061),-29.14546677265739,-6.9181832255622755,-34.005326117851794,-29.14546677265739,-40.02442915230707,-40.45740567492483,-7.056988854333274,-33.98658736944981,-29.193626048342114,-40.052081257250556,-40.25389790792198,free,1.0,1.0,-300.0,500.0,,
PEPH,r11_peph<=>r12_peph,(kegg:R01512),-42.75068128219782,-10.552422970547811,-40.15221510996126,-42.75068128219782,-54.003587906732264,-43.09375034313864,-10.582099623366714,-40.162800100807566,-42.64377053740341,-54.0086751623075,-43.44986082914645,free,1.0,1.0,-300.0,500.0,,
IDH,r18_idh<=>r19_idh,(kegg:R00709),39.0933186285268,37.020240171724296,29.34271381593062,38.63099367129615,41.2780788506499,36.382430433352994,36.79399219059389,29.333957477713305,38.38259995772011,41.21702281988243,36.208532363322306,free,1.0,1.0,-300.0,500.0,,
SDH,r21_sdh<=>r22_sdh,(kegg:R02164),34.031542520220924,33.1920100911967,21.562478250129377,33.569217562990275,36.89530241322272,30.798100485124326,33.00492127355341,21.55734284913974,33.35274142742721,36.852872836924135,30.74854332413932,free,1.0,1.0,-300.0,500.0,,
MDH,r25_mdh<=>r26_mdh,(kegg:R00342),-36.7352346654937,-101.15128584071141,-21.028672155850714,-36.7352346654937,-31.244948765227797,-25.48236807913204,-101.2965045921831,-21.028948036898644,-36.72599893943152,-31.246122260341256,-25.465320604252003,free,1.0,1.0,-300.0,500.0,,
RPI,r31_ri<=>r32_ri,(kegg:R01056),7.108283133962682,-0.516052750855557,13.708452905240021,7.108283133962682,2.3971873466550413,3.5205316623616936,-0.484305672064591,13.70775425628069,7.085496569675406,2.4098338590929664,3.278285689394138,free,1.0,1.0,-300.0,500.0,,
RBE,r33_rbe<=>r34_rbe,(kegg:R01529),18.95401034534156,0.7416290697226797,28.799386227427924,18.95401034534156,2.7534857182259382,-2.2531366078817814,0.7009464845229285,28.792989422188477,18.717853048499393,2.737459198008156,-2.8700354279562146,free,1.0,1.0,-300.0,500.0,,
TKT1,r35_tkt<=>r36_tkt,(kegg:R01641),9.47700517267078,0.3708145348613402,14.399693113713962,9.47700517267078,1.3767428591129698,-1.12656830394089,0.3504732422614646,14.396494711094238,9.358926524249696,1.3687295990040786,-1.4350177139781066,free,1.0,1.0,-300.0,500.0,,
TAL,r37_tal<=>r38_tal,(kegg:R08575),9.47700517267078,0.3708145348613402,14.399693113713962,9.47700517267078,1.3767428591129698,-1.12656830394089,0.3504732422614646,14.396494711094238,9.358926524249696,1.3687295990040786,-1.4350177139781066,free,1.0,1.0,-300.0,500.0,,
TKT2,r39_tkt<=>r40_tkt,(kegg:R01067),9.47700517267078,0.3708145348613402,14.399693113713962,9.47700517267078,1.3767428591129698,-1.12656830394089,0.3504732422614646,14.396494711094238,9.358926524249696,1.3687295990040786,-1.4350177139781066,free,1.0,1.0,-300.0,500.0,,
FH,r23_fh<=>r24_fh,(kegg:R01082),34.031542520220924,33.1920100911967,21.562478250129377,33.569217562990275,36.89530241322272,30.798100485124326,33.00492127355341,21.55734284913974,33.35274142742721,36.852872836924135,30.74854332413932,free,1.0,1.0,-300.0,500.0,,
MDHcyt,r106_mdh_cyt<=>r107_mdh_cyt,(kegg:MDHcyt),1.19389902346216,71.6256591569981,10.844368090670173,-5.925853356295477,-0.7739179962336522,-20.106538566344227,71.36900816244426,10.835481147731004,-6.103587521229969,-0.8313808601215996,-20.604752337806485,free,1.0,1.0,-300.0,500.0,,
LDH,r41_ldh<=>r118_ldh,(kegg:R00703),-73.53150121357015,-34.292780153781074,-66.14228211103985,-73.53150121357015,-62.43666904314959,-84.43247714070021,-34.18311163564917,-66.11226173441092,-72.55043471749819,-62.421059849979365,-83.15593293168814,free,1.0,1.0,-1000.0,1000.0,,
GLUDH,r49_gludh<=>r50_gludh,(kegg:R00243),-5.061776108305888,-3.828230080527604,-7.78023556580125,-5.061776108305888,-4.382776437427187,-5.584329948228675,-3.7890709170404904,-7.776614628573572,-5.0298585302929055,-4.364149982958305,-5.459989039182994,free,1.0,1.0,-300.0,500.0,,
Experiment,Fragment_Num,Time,template,GN_ESCH,GN_ESCH,GN_ESCH,GN_ESCH,GN_ESCH,LN_NEWUOA,LN_NEWUOA,LN_NEWUOA,LN_NEWUOA,LN_NEWUOA,Use,Ratio,Stdev
ex1,Asp_0,0,0.4013934045613293,0.24213611536978083,0.18731918938791506,0.2050189087310444,0.29040974875377457,0.2356540740576763,0.24137372468166624,0.18706522979390997,0.20444266568369363,0.2902852031955715,0.23250387270360004,1,0.0,0.015
ex1,Asp_1,0,0.19499185166785202,0.25092759240472,0.24928166920600725,0.2511705356121879,0.2509251095240757,0.2506325085630685,0.2508812115532214,0.2491940991958056,0.25147817742443773,0.2510005314311739,0.2503329049918165,1,0.0,0.015
ex1,Asp_2,0,0.19765386584634992,0.1961423832599974,0.2125212637100497,0.21606438496343774,0.18509525117223818,0.19344029053782993,0.19634796261744913,0.21262042901785638,0.21669058464702434,0.1851582987944472,0.19498585557369097,1,0.0,0.015
ex1,Asp_3,0,0.1703971622036355,0.1987913146568373,0.2278128328209869,0.21378821336621,0.1818820440650653,0.20551746585600147,0.1992206572343446,0.22794150632867408,0.21374003664464583,0.18190809420146162,0.206590741333685,1,0.0,0.015
ex1,Asp_4,0,0.035563715720832736,0.1120025943086661,0.12306504487504286,0.1139579573271227,0.09168784648484928,0.11475566098542063,0.11217644391331978,0.1231787356637535,0.11364853560020284,0.09164787237734759,0.1155866253972083,1,0.0,0.015
ex1,Cit_0,0,0.3173933359590719,0.1641063273535183,0.14870202838694366,0.14613515955745762,0.17272007685461313,0.1216804328394419,0.16343779556266072,0.14849415456296042,0.14585916222046916,0.1727118434098303,0.1192625750095193,1,0.0,0.015
ex1,Cit_1,0,0.18079956562896685,0.20782712512789703,0.2200725784291529,0.22181183752485037,0.2202042930020699,0.17881585641279257,0.2075520730580677,0.21997265560687812,0.22218132505419436,0.22022263366123906,0.17768551046500097,1,0.0,0.015
ex1,Cit_2,0,0.2331766613080624,0.19251205814727906,0.21531935754205495,0.22352321895704969,0.2274294097429794,0.2186231638395084,0.19272098932952758,0.21536051632703115,0.22404218272687457,0.22743998013520897,0.21863775842222638,1,0.0,0.015
ex1,Cit_3,0,0.17089828339656904,0.22129206589219577,0.2342330993368657,0.22920929079304525,0.20955013460292152,0.2315577164714337,0.2215351089834851,0.2343353650669998,0.22916198070633842,0.2095561606797105,0.23232164728802293,1,0.0,0.015
ex1,Cit_4,0,0.06477862406890633,0.13923532875888367,0.1338691236281715,0.12789276171961259,0.10985386101444268,0.1435618263668215,0.13945484867402774,0.13398816961286342,0.12766666547010674,0.10984592826494778,0.14501295424654428,1,0.0,0.015
ex1,Cit_5,0,0.02800659377859627,0.052652389012522685,0.03276500760686569,0.03649811614351442,0.04512498647529824,0.07564137439061042,0.052853901978854395,0.032792899817591946,0.03629035831567435,0.04511160107660031,0.07659119705577902,1,0.0,0.015
ex1,Cit_6,0,0.004946935859826618,0.022374705707705302,0.015038805069947614,0.014929615304473601,0.015117238307679448,0.030119629679387194,0.022445282413377864,0.01505623900567491,0.014798325506347477,0.015111852772465342,0.03048835751290831,1,0.0,0.015
ex1,Fum_0,0,0.42473556271887536,0.256170817701828,0.2566238077480095,0.2603039794293333,0.32690748012963555,0.2670591367666875,0.25534383216666356,0.256327702802458,0.2596101969673276,0.3268537728881701,0.2634591248678913,1,0.0,0.015
ex1,Fum_1,0,0.15472263166075703,0.24119809518623817,0.21313998806689172,0.22184493248914883,0.2170235197935113,0.21585263055594733,0.24120096418824738,0.2131161117444281,0.22243288365625893,0.21706695883999783,0.2161898539846754,1,0.0,0.015
ex1,Fum_2,0,0.20373077892154587,0.22266372942951618,0.2020413549003493,0.22987517970631036,0.2025232076099372,0.2061585703482981,0.22278241514735883,0.20216028104847586,0.2301322099677394,0.20250370286839595,0.20745524389823689,1,0.0,0.015
ex1,Fum_3,0,0.16427771255614998,0.176576937972925,0.19043840934046363,0.1742935057292949,0.1567432443321034,0.18097283581064535,0.17706129475572419,0.19052861565910947,0.17445198315189137,0.15677946667723666,0.18210737403622365,1,0.0,0.015
ex1,Fum_4,0,0.0525333141426711,0.10339041970949425,0.13775643994428752,0.11368240264591535,0.09680254813481572,0.12995682651841922,0.1036114937420075,0.13786728874552875,0.1133727262567862,0.09679609872620078,0.1307884032129735,1,0.0,0.015
ex1,Glc_0,0,0.38243657097496486,0.3491580285510501,0.34760799484495847,0.332996547493144,0.35485800059521283,0.349655029858199,0.3488776902549979,0.34757420066034017,0.33269781235363033,0.3547426805876385,0.34900374893281094,1,0.0,0.015
ex1,Glc_1,0,0.05740388341236647,0.06613020380642909,0.07269253475659859,0.07060020394565204,0.07353931149204568,0.06920542548676817,0.06605008729033919,0.0726776697586526,0.07051061800048679,0.07352091706601215,0.06902149763164657,1,0.0,0.015
ex1,Glc_2,0,0.048675280731589096,0.05523139147895685,0.06295622650361231,0.06433638570726131,0.05931891419931585,0.05598286556377262,0.055195845660486374,0.06295406347122728,0.0643068913418162,0.05931628468758494,0.05607645482307646,1,0.0,0.015
ex1,Glc_3,0,0.0777543506789534,0.08313402067899739,0.08614925175239006,0.0884960863488231,0.08948258772861402,0.10027544730706084,0.08318265662694892,0.08615048020033986,0.08845469718790924,0.08948769619614162,0.09996702399955266,1,0.0,0.015
ex1,Glc_4,0,0.030538082797548285,0.04831373225709648,0.045431618839510995,0.05129949154213168,0.045733863075172236,0.048679973290800906,0.04842046379407851,0.04544337834179616,0.05141716099988121,0.045767629474129996,0.04880459685351652,1,0.0,0.015
ex1,Glc_5,0,0.019833080016732438,0.031171080047810787,0.02986585363591968,0.03523235606987841,0.02724396002459174,0.030100179606406534,0.03126996649797532,0.029879105793481672,0.03531538797361348,0.027276468344571023,0.03023060808193944,1,0.0,0.015
ex1,Glc_6,0,0.3833587513878459,0.36686154317966063,0.355296519667011,0.3570389288931108,0.34982336288504795,0.34610107888699065,0.3670032898751741,0.3553211017741622,0.3572974321426643,0.3498883236439213,0.3468960696774572,1,0.0,0.015
ex1,Gln_0,0,0.46087362487714184,0.21349841543566778,0.23990639952330653,0.2258651349673011,0.25335360366702453,0.19550573199220944,0.21372064536396598,0.23926552987107372,0.22576427890738482,0.25331415337386515,0.20053791682657313,1,0.0,0.015
ex1,Gln_1,0,0.14395598924031178,0.232983460233026,0.2175481709212541,0.23157664714328463,0.21251614905367144,0.17901671691506146,0.23254021871606917,0.21763105080783915,0.23217782556616565,0.2125469067631666,0.17748597911873887,1,0.0,0.015
ex1,Gln_2,0,0.25300957938397095,0.26979876954768706,0.2584789574956696,0.26845973928411837,0.26543367500667325,0.26747900355375187,0.2696509936618103,0.2586781857529715,0.26851868163309944,0.2654499425081056,0.26456004489527424,1,0.0,0.015
ex1,Gln_3,0,0.0893800297428744,0.18984088368338814,0.21853830014106157,0.20134292953311325,0.17598293605590787,0.20771019851962627,0.1899315500201785,0.2188058367491004,0.2011802074168433,0.17599566605200084,0.20682880704394221,1,0.0,0.015
ex1,Gln_4,0,0.04151975150583061,0.0650511358181758,0.038334853376062634,0.04631738049784447,0.06164597513165666,0.09363802625499545,0.06524138660975101,0.038385264373982105,0.04611492647587444,0.06163149946604145,0.0938668111973819,1,0.0,0.015
ex1,Gln_5,0,0.01126102524986946,0.028827335282057307,0.027193318542647095,0.026438168574341038,0.031067661085069594,0.05665032276435193,0.0289152056282264,0.02723413244503298,0.026244080000636088,0.03106183183682157,0.05672044091809106,1,0.0,0.015
ex1,Glu_0,0,0.41679814845949215,0.21195880846813564,0.23952569780497235,0.2258531835161843,0.25333635615023653,0.1919106914336098,0.2120889584048606,0.23926552746538937,0.22576365129440898,0.25331415324625467,0.1937278486936142,1,0.0,0.015
ex1,Glu_1,0,0.15235070843355064,0.2333645937252879,0.2176376281753568,0.231579633152224,0.21252015536375038,0.17962743610258677,0.23294328370007553,0.21763105137289668,0.2321779828728313,0.21254690679281235,0.17863670064658432,1,0.0,0.015
ex1,Glu_2,0,0.27581892617415016,0.2703622595169375,0.25861740275238854,0.2684641662417676,0.26544024146058826,0.2687522094899041,0.27024803682267456,0.2586781866277032,0.2685189141270716,0.2654499425566896,0.26696151061347184,1,0.0,0.015
ex1,Glu_3,0,0.09747220208116612,0.1902389877680597,0.2186558502912284,0.20134626328867034,0.17598730758535952,0.2087029609660179,0.1903537930336531,0.21880583749214566,0.2011803823182058,0.1759956660843453,0.20871402496373878,1,0.0,0.015
ex1,Glu_4,0,0.04527931683108307,0.0651875593221787,0.03835547454411032,0.04631814744814397,0.06164750656171035,0.09408560024485754,0.06538643601716944,0.03838526450434221,0.04611496656950136,0.06163149947736885,0.09472244468402935,1,0.0,0.015
ex1,Glu_5,0,0.012280698020556835,0.028887791199402657,0.027207946431945147,0.02643860635301264,0.03106843287835832,0.056921101763020364,0.028979492021568156,0.027234132537522753,0.02624410281798468,0.031061831842530495,0.05723747039856287,1,0.0,0.015
ex1,Lac_0,0,0.4901284568594174,0.39410281907769357,0.40073902343786,0.4036075581089421,0.48088765540697737,0.4577604738470957,0.39327211543038304,0.40043634668767614,0.40247287072016463,0.4808468289969514,0.454437410791,1,0.0,0.015
ex1,Lac_1,0,0.07032616930205775,0.1542952144453278,0.10133930047909662,0.11196810434175536,0.09169826229775463,0.08077348099410571,0.15467401145828188,0.10142982501867559,0.1134330650738328,0.09176249080617833,0.0827296824365398,1,0.0,0.015
ex1,Lac_2,0,0.06685249602660295,0.12119878358166608,0.0875269989871646,0.09184590388877699,0.0669455757925568,0.06348384603905645,0.12174094391433016,0.08765727052579159,0.09314155481480824,0.06700837585274312,0.06559657534012307,1,0.0,0.015
ex1,Lac_3,0,0.3726928778119214,0.3304031828953129,0.41039467709587923,0.39257843366052647,0.3604685065027125,0.3979821991197416,0.3303129291970052,0.4104765577678569,0.39095250939119514,0.36038230434412705,0.39723633143233733,1,0.0,0.015
ex1,Mal_0,0,0.41982081014241357,0.24308924586281158,0.24082137121702404,0.23781415593484626,0.3155547077011473,0.26154697049748094,0.24234214818748298,0.2405304918472966,0.23711513087376418,0.31549536815151447,0.2580130526710225,1,0.0,0.015
ex1,Mal_1,0,0.16137593595194286,0.2502688453231075,0.2236219192593253,0.23580911955657113,0.23329963734991752,0.23336508411094312,0.25021293083417884,0.22358032718787982,0.23625661011172214,0.2333377265643775,0.23344554292613992,1,0.0,0.015
ex1,Mal_2,0,0.17194625706152883,0.19791877628463636,0.17733240294016325,0.1992425079683408,0.16831717902190405,0.17232286475130626,0.19814632068143997,0.17745576490282855,0.19984656876464968,0.1683268561469821,0.17400216531953125,1,0.0,0.015
ex1,Mal_3,0,0.19420921999088486,0.1972953911560495,0.2100795642450469,0.2014019757849494,0.17978276236872123,0.20075144111390308,0.19770207422100683,0.21017142224693866,0.20141764594168565,0.1798059691895488,0.2017308816820349,1,0.0,0.015
ex1,Mal_4,0,0.052647776853229335,0.1114277413733966,0.14814474233844194,0.12573224075529507,0.10304571355831306,0.1320136395263639,0.11159652607589264,0.1482619938150566,0.12536404430818188,0.10303407994757868,0.1328083574012723,1,0.0,0.015
ex1,Pyr_0,0,0.5052861420117101,0.38341168204756265,0.3826422394960739,0.38445384558675294,0.48899112495854397,0.45890868618010117,0.3824864710144413,0.3822511578231914,0.38326715941773554,0.48892658970067887,0.4541720166584427,1,0.0,0.015
ex1,Pyr_1,0,0.09435056411138211,0.17876137880427379,0.13017348840123025,0.1481429186737516,0.11584888437583911,0.10898394408744012,0.17909079196356484,0.13027448716258677,0.14945850777416542,0.11590073385834163,0.1110702569989988,1,0.0,0.015
ex1,Pyr_2,0,0.0956906028602739,0.14242271996176845,0.11662559042766997,0.12596786766781712,0.0879110003353204,0.09054744120772508,0.1429593114258641,0.11677938508208566,0.12709115882021196,0.08796526185409623,0.09288342629800812,1,0.0,0.015
ex1,Pyr_3,0,0.3046726910166333,0.29540421918639564,0.3705586816750265,0.3414353680716795,0.3072489903302983,0.3415599285247327,0.2954634255961301,0.37069496993213646,0.34018317398788844,0.30720741458688317,0.3418743000445506,1,0.0,0.015
ex1,Suc_0,0,0.4327545393073458,0.2670689377436747,0.27070986481512055,0.27904790420029,0.33616533061455983,0.27170583602116205,0.26618635478644403,0.27040976451152476,0.27837693353399406,0.33611808396349124,0.26805315922940964,1,0.0,0.015
ex1,Suc_1,0,0.14386701064689147,0.23364134855993718,0.20379655038494685,0.21020661652177391,0.2037508268225728,0.2010898130167492,0.23368559522806603,0.20378802667739226,0.2109002999474443,0.20379595317258284,0.20163381707162523,1,0.0,0.015
ex1,Suc_2,0,0.25559083346262146,0.2432784898819612,0.22406654745196786,0.25540568219027443,0.23041721326765702,0.23468172082916935,0.24332724702740668,0.2241825558565474,0.25539831266986,0.23037953111555692,0.23567458931519727,1,0.0,0.015
ex1,Suc_3,0,0.1154410613427619,0.15931661232936298,0.17293057576635373,0.15170021487916976,0.1379551981018728,0.1642996757445897,0.1598482846102234,0.17301848584605553,0.15195560604338262,0.13799824808213862,0.16555396358562302,1,0.0,0.015
ex1,Suc_4,0,0.05234655524037859,0.09669461148506533,0.12849646158161282,0.10363958220849451,0.09171143119334066,0.12822295438832726,0.09695251834786123,0.1286011671084803,0.10336884780532228,0.0917081836662314,0.12908447079814567,1,0.0,0.015
